company,model_name,rating,processor_name,processor_type,generation,ram,os,storage,size,warranty(year),price
Lenovo,IdeaPad,4.4,Intel,Corei3,11thGen,8GB,  Windows 10 Operating System,512 GB SSD,15.6 inch,2,"₹63,790"
ASUS,TUF,4.4,Intel,Corei5,10thGen,8GB,  Windows 10 Operating System,512 GB SSD,15.6 Inch,1,"₹89,990"
MSI,GF65,4.4,Intel,Corei7,10thGen,16GB,  Windows 10 Operating System,1 TB SSD,15.6 inch,2,"₹1,23,990"
DELL,Vostro,3.9,Intel,Corei3,11thGen,8GB,  Windows 10 Operating System,1 TB HDD,14 inch,1,"₹41,715"
ASUS,Core,4.3,Intel,Corei3,10thGen,4GB,  Windows 10 Operating System,512 GB SSD,15.6 inch,1,"₹48,990"
acer,Aspire,4.3,Intel,Corei5,11thGen,8GB,  Windows 10 Operating System,1 TB HDD|256 GB SSD,15.6 inch,1,"₹54,999"
MSI,GF63,4.4,Intel,HexaCore,10th,8GB,  Windows 10 Operating System,1 TB HDD|256 GB SSD,15.6 inch,2,"₹72,990"
ASUS,VivoBook,4.4,Intel,Corei5,10thGen,8GB,  Windows 10 Operating System,512 GB SSD,14 inch,1,"₹68,990"
Lenovo,IdeaPad,4.2,Intel,Corei3,10thGen,8GB,  Windows 10 Operating System,1 TB HDD,15.6 inch,1,"₹52,190"
ASUS,VivoBook,4.6,Intel,Corei3,10thGen,8GB,  Windows 11 Operating System,512 GB SSD,15.6 inch,1,"₹50,990"
MSI,GF63,4.5,Intel,Corei5,10thGen,8GB,  Windows 10 Operating System,512 GB SSD,15.6 inch,2,"₹83,990"
HP,Ryzen,4.4,AMD,Ryzen3,,8GB,  Windows 10 Operating System,256 GB SSD,15.6 inch,1,"₹46,055"
ASUS,ASUS,4.5,Intel,Corei5,11thGen,8GB,  Windows 10 Operating System,1 TB SSD,15.6 inch,,"₹1,16,990"
Lenovo,Ideapad,4.3,Intel,Corei5,11thGen,8GB,  Windows 10 Operating System,512 GB SSD,14 Inch,2,"₹83,890"
ASUS,VivoBook,4.3,Intel,Corei3,11thGen,4GB,Windows 10 Operating System,256 GB SSD,15.6 inch,1,"₹49,990"
ASUS,Ryzen,4.3,AMD,Ryzen3,,8GB,  Windows 10 Operating System,256 GB SSD,15.6 inch,1,"₹46,990"
ASUS,ASUS,4.5,Intel,Corei5,10thGen,16GB,  Windows 10 Operating System,512 GB SSD,15.6 inch,,"₹89,990"
Lenovo,ThinkPad,4.4,AMD,Ryzen5,,8GB,  Windows 10 Operating System,256 GB SSD,14 inch,1,"₹64,038"
HP,Pavilion,4.6,Intel,Corei5,11thGen,16GB,  Windows 10 Operating System,512 GB SSD,14 inch,1,"₹81,356"
DELL,INSPIRON,4.1,Intel,Corei3,10thGen,8GB,Windows 10 Operating System,1 TB HDD,15.6 inch,,"₹48,346"
ASUS,VivoBook,4.3,Intel,Corei5,11thGen,8GB,Windows 10 Operating System,1 TB HDD|256 GB SSD,15.6 inch,1,"₹70,990"
acer,Aspire,3.9,AMD,AthlonDual,,4GB,  Windows 10 Operating System,256 GB SSD,15.6 inch,1,"₹32,999"
ASUS,VivoBook,4.5,Intel,Corei5,11thGen,8GB,  Windows 10 Operating System,512 GB SSD,14 inch,1,"₹73,990"
ASUS,ASUS,4.5,Intel,Corei7,11thGen,16GB,  Windows 10 Operating System,1 TB SSD,15.6 inch,,"₹1,36,990"
Nokia,PureBook,4.4,Intel,Corei5,10thGen,8GB,  Windows 10 Operating System,512 GB SSD,14 inch,,"₹90,000"
HP,Pavilion,4.5,AMD,Ryzen7,,16GB,  Windows 10 Operating System,1 TB HDD|256 GB SSD,15.6 inch,1,"₹93,564"
MSI,GF65,4.6,Intel,HexaCore,10th,16GB,  Windows 10 Operating System,512 GB SSD,15.6 inch,2,"₹1,06,990"
Lenovo,Legion,4.4,Intel,Corei7,10thGen,16GB,  Windows 10 Operating System,512 GB SSD,15.6 Inch,1,"₹86,690"
MSI,Modern,4.4,Intel,Corei5,10thGen,8GB,  Windows 10 Operating System,512 GB SSD,14 inch,,"₹61,990"
Lenovo,Ideapad,4.4,Intel,Corei5,11thGen,16GB,  Windows 10 Operating System,512 GB SSD,15.6 Inch,1,"₹1,01,390"
HP,Pavilion,4.5,AMD,Ryzen5,,8GB,  Windows 10 Operating System,512 GB SSD,15.6 inch,1,"₹70,172"
DELL,Vostro,3.9,Intel,Corei5,11thGen,8GB,  Windows 10 Operating System,512 GB SSD,14 inches,,"₹68,859"
HP,Core,4.2,Intel,Corei3,11thGen,8GB,  Windows 11 Operating System,512 GB SSD,15.6 inch,1,"₹49,590"
MSI,GF63,4.6,Intel,Corei7,10thGen,16GB,  Windows 10 Operating System,512 GB SSD,15.6 inch,2,"₹95,990"
HP,Core,4.4,Intel,Corei3,11thGen,8GB,  Windows 11 Operating System,512 GB SSD,15.6 inch,1,"₹50,196"
HP,Pavilion,4.4,AMD,Ryzen5,,8GB,  Windows 10 Operating System,512 GB SSD,15.6 inch,1,"₹76,020"
APPLE,MacBook,4.7,Apple,M1Processor,,8GB,Mac OS Operating System,512 GB SSD,13.3 inch,1,"₹1,17,900"
DELL,Vostro,4.1,Intel,Corei5,11thGen,8GB,  Windows 10 Operating System,512 GB SSD,14 inch,1,"₹80,711"
HP,Core,4.3,Intel,Corei5,11thGen,8GB,  Windows 10 Operating System,512 GB SSD,15.6 inch,1,"₹59,452"
ASUS,VivoBook,4.3,Intel,Corei3,10thGen,4GB,  Windows 10 Operating System,512 GB SSD,14 inch,1,"₹58,990"
ASUS,ASUS,3,Intel,Corei7,11thGen,16GB,  Windows 10 Operating System,512 GB SSD,17.3 inch,,"₹1,15,990"
ASUS,VivoBook,4.5,Intel,Corei5,11thGen,8GB,  Windows 10 Operating System,512 GB SSD,14 inch,1,"₹73,990"
DELL,Vostro,4.3,Intel,Corei3,10thGen,4GB,  Windows 10 Operating System,256 GB SSD,14 inch,1,"₹40,614"
HP,15-ec1105AX,4.5,AMD,Ryzen5,,8GB,  Windows 10 Operating System,512 GB SSD,15.6 inch,1,"₹70,172"
Lenovo,Legion,4.3,Intel,Corei5,10thGen,8GB,  Windows 10 Operating System,512 GB SSD,15.6 Inch,1,"₹93,690"
HP,HP,4.5,Intel,Corei5,11thGen,16GB,  Windows 10 Operating System,512 GB SSD,14 inches,1,"₹72,536"
acer,Aspire,4.5,AMD,Ryzen5,,8GB,  Windows 10 Operating System,512 GB SSD,15.6 inch,1,"₹57,999"
HP,14s,4.3,Intel,Corei5,11thGen,8GB,  Windows 10 Operating System,512 GB SSD,14 inch,,"₹63,179"
realme,Book,4.4,Intel,Corei3,11thGen,8GB,  Windows 10 Operating System,256 GB SSD,14 inch,1,"₹54,999"
HP,15s,4.3,AMD,Ryzen3,,8GB,  Windows 10 Operating System,1 TB HDD|256 GB SSD,15.6 inch,1,"₹48,294"
APPLE,MacBook,4.7,Apple,M1Processor,,8GB,Mac OS Operating System,256 GB SSD,13.3 inch,1,"₹1,22,900"
ASUS,VivoBook,4.5,Intel,Corei3,11thGen,8GB,  Windows 10 Operating System,256 GB SSD,15.6 inch,1,"₹58,990"
DELL,Vostro,4.3,Intel,Corei3,11thGen,8GB,  Windows 10 Operating System,256 GB SSD,14 inch,1,"₹55,448"
MSI,Modern,4.5,Intel,Corei5,11thGen,8GB,  Windows 10 Operating System,512 GB SSD,14 inch,1,"₹67,990"
DELL,Inspiron,4.1,AMD,Ryzen3,,8GB,  Windows 10 Operating System,1 TB HDD,15.6 inch,1,"₹49,613"
DELL,Vostro,4.2,AMD,Ryzen5,,8GB,  Windows 10 Operating System,256 GB SSD,14 inch,1,"₹59,580"
HP,OMEN,4.5,AMD,Ryzen7,,16GB,  Windows 10 Operating System,1 TB SSD,15.6 inch,1,"₹1,39,990"
acer,Aspire,4.3,Intel,Corei5,11thGen,8GB,  Windows 11 Operating System,512 GB SSD,15.6 inch,1,"₹75,999"
ASUS,VivoBook,4.3,AMD,Ryzen5,,8GB,  Windows 10 Operating System,512 GB SSD,14 inch,1,"₹73,990"
MSI,Modern,4.6,AMD,Ryzen5,,8GB,  Windows 10 Operating System,512 GB SSD,14 inch,,"₹61,990"
acer,Predator,4.6,Intel,Corei7,11thGen,16GB,Windows 10 Operating System,1 TB HDD|512 GB SSD,15.6 inch,1,"₹1,40,990"
APPLE,MacBook,4.7,Apple,M1Processor,,8GB,Mac OS Operating System,256 GB SSD,13.3 inch,1,"₹1,22,900"
Lenovo,Legion,4.5,AMD,Ryzen5,,8GB,  Windows 10 Operating System,1 TB HDD|256 GB SSD,15.6 inch,,"₹93,690"
DELL,Inspiron,4.3,Intel,Corei3,11thGen,8GB,  Windows 10 Operating System,512 GB SSD,14 inches,,"₹79,486"
Lenovo,IdeaPad,4.3,Intel,Corei3,10thGen,8GB,Windows 10 Operating System,256 GB SSD,15.6 Inch,2,"₹52,290"
DELL,Inspiron,4.4,AMD,Ryzen5,,8GB,  Windows 10 Operating System,512 GB SSD,14 Inch,1,"₹88,627"
HP,Core,4.3,Intel,Corei3,10thGen,8GB,  Windows 10 Operating System,512 GB SSD,15.6 inch,1,"₹50,294"
ASUS,VivoBook,4.2,AMD,Ryzen7,,8GB,  Windows 10 Operating System,512 GB SSD,14 inch,1,"₹67,551"
HP,Core,4.3,Intel,Corei3,11thGen,8GB,  Windows 10 Operating System,512 GB SSD,15.6 inch,1,"₹52,324"
MSI,Katana,,Intel,Corei5,11thGen,16GB,  Windows 10 Operating System,512 GB SSD,15.6 Inch,2,"₹1,06,990"
HP,Core,4.3,Intel,Corei3,11thGen,8GB,  Windows 10 Operating System,512 GB SSD,15.6 inch,1,"₹52,324"
APPLE,MacBook,4.7,Apple,M1Processor,,8GB,Mac OS Operating System,256 GB SSD,13.3 inch,1,"₹92,900"
DELL,Inspiron,4.4,Intel,Corei3,10thGen,4GB,  Windows 10 Operating System,256 GB SSD,15 inch,1,"₹55,490"
HP,Pavilion,4.4,Intel,Corei7,11thGen,16GB,  Windows 10 Operating System,1 TB SSD,14 inch,1,"₹92,109"
Lenovo,Thinkpad,4.4,AMD,Ryzen5,,8GB,  DOS Operating System,512 GB SSD,14 inch,,"₹78,400"
Infinix,X1,4.2,Intel,Corei3,10thGen,8GB,  Windows 11 Operating System,256 GB SSD,14 inch,,"₹49,999"
Lenovo,IdeaPad,4.4,Intel,Corei5,10thGen,8GB,Windows 10 Operating System,512 GB SSD,15.6 Inch,2,"₹64,290"
ASUS,Celeron,3.8,Intel,CeleronDual,,4GB,  Windows 10 Operating System,1 TB HDD,15.6 inch,1,"₹26,990"
ASUS,Ryzen,4.1,AMD,Ryzen3,,4GB,  Windows 10 Operating System,256 GB SSD,15.6 inch,1,"₹37,990"
MSI,Core,,Intel,Corei3,10thGen,8GB,  Windows 10 Operating System,256 GB SSD,14 inch,,"₹53,900"
ASUS,Vivobook,,Intel,Corei5,11thGen,16GB,  Windows 10 Operating System,512 GB SSD,14 Inch,1,"₹1,10,990"
Lenovo,Legion,4.5,AMD,Ryzen7,,32GB,Windows 10 Operating System,1 TB SSD,16 Inch,1,"₹2,30,890"
Lenovo,Ideapad,4.3,Intel,Corei5,11thGen,8GB,  Windows 10 Operating System,1 TB HDD|256 GB SSD,15.6 inch,1,"₹99,290"
HP,Ryzen,5,AMD,Ryzen5,,8GB,  Windows 10 Operating System,512 GB SSD,15.6 inch,1,"₹79,990"
ASUS,ZenBook,4.5,Intel,Corei7,11thGen,16GB,  Windows 10 Operating System,1 TB SSD,13.3 inch,1,"₹1,28,990"
ASUS,ROG,4.5,AMD,Ryzen7,,8GB,  Windows 10 Operating System,512 GB SSD,15.6 inch,,"₹90,990"
RedmiBook,Pro,4.2,Intel,Corei5,11thGen,8GB,Windows 10 Operating System,512 GB SSD,15.6 inch,1,"₹59,990"
DELL,Inspiron,4.2,AMD,Ryzen5,,8GB,  Windows 10 Operating System,256 GB SSD,15.6 inch,1,"₹59,211"
ASUS,Core,4.5,Intel,Corei7,10thGen,8GB,  Windows 10 Operating System,1 TB SSD,15.6 inch,,"₹81,990"
MSI,Core,,Intel,Corei3,10thGen,8GB,  Windows 10 Operating System,512 GB SSD,14 inch,,"₹55,990"
ASUS,VivoBook,4,Intel,Corei3,10thGen,8GB,  Windows 10 Operating System,1 TB HDD,15.6 inch,1,"₹45,990"
HP,Ryzen,4.3,AMD,Ryzen5,,8GB,  Windows 10 Operating System,512 GB SSD,15.6 inch,1,"₹55,000"
acer,Extensa,4.4,Intel,Corei3,11thGen,4GB,  Windows 10 Operating System,256 GB SSD,15.6 inch,,"₹55,000"
ASUS,TUF,4.4,Intel,Corei5,11thGen,16GB,  Windows 10 Operating System,512 GB SSD,15.6 inch,1,"₹1,04,990"
ASUS,ROG,4.7,AMD,Ryzen7,,8GB,  Windows 10 Operating System,1 TB SSD,14 inch,,"₹1,23,990"
HP,Pavilion,4.7,AMD,Ryzen5,,16GB,  Windows 10 Operating System,512 GB SSD,13.3 inches,1,"₹89,992"
Lenovo,IdeaPad,4.4,AMD,Ryzen5,,8GB,  Windows 10 Operating System,512 GB SSD,15.6 inch,1,"₹83,890"
Lenovo,IdeaPad,4.3,Intel,Corei5,11thGen,8GB,  Windows 10 Operating System,512 GB SSD,15.6 inch,2,"₹88,990"
HP,Pavilion,4.5,AMD,Ryzen5,,8GB,  Windows 10 Operating System,512 GB SSD,15.6 Inch,1,"₹70,419"
HP,Pavilion,4.4,AMD,Ryzen5,,16GB,  Windows 10 Operating System,512 GB SSD,15.6 Inch,1,"₹75,023"
Lenovo,ThinkPad,4.7,Intel,Corei5,11thGen,8GB,  Windows 10 Operating System,512 GB SSD,15.6 Inch,1,"₹76,915"
DELL,Vostro,4.1,Intel,Corei5,11thGen,8GB,  Windows 10 Operating System,512 GB SSD,14 inch,1,"₹87,168"
Lenovo,Thinkbook,,Intel,Corei5,11thGen,16GB,Windows 10 Operating System,1 TB HDD|128 GB SSD,15.6 inch,1,"₹1,20,960"
Lenovo,ThinkPad,4.5,Intel,Corei5,11thGen,8GB,  Windows 10 Operating System,512 GB SSD,15.6 inch,1,"₹77,487"
HP,Pavilion,4.2,AMD,Ryzen5,,8GB,  Windows 10 Operating System,1 TB HDD,15.6 inch,1,"₹68,192"
acer,Travelmate,3.7,Intel,Corei5,11thGen,16GB,  Windows 10 Operating System,1 TB HDD|256 GB SSD,14 inch,,"₹85,000"
HP,15s,4.3,AMD,Ryzen5,,8GB,  Windows 10 Operating System,512 GB SSD,15.6 inch,1,"₹52,629"
DELL,Vostro,4.6,AMD,Ryzen5,,8GB,  Windows 10 Operating System,512 GB SSD,14 inch,1,"₹61,060"
ASUS,Vivobook,4.3,Intel,Corei5,9thGen,8GB,  Windows 10 Operating System,512 GB SSD,15.6 inch,1,"₹76,990"
ASUS,ROG,4.4,AMD,Ryzen7,,8GB,  Windows 10 Operating System,512 GB SSD,15.6 inch,,"₹90,990"
Infinix,X1,4.2,Intel,Corei3,10thGen,8GB,  Windows 11 Operating System,256 GB SSD,14 inch,,"₹49,999"
ASUS,Core,4.2,Intel,Corei5,10thGen,8GB,  Windows 10 Operating System,1 TB HDD,15.6 inch,1,"₹55,990"
Lenovo,Ideapad,4.5,AMD,Ryzen5,,8GB,  Windows 10 Operating System,1 TB HDD|256 GB SSD,15.6 inch,1,"₹85,290"
DELL,Vostro,3.9,Intel,Corei3,11thGen,8GB,  Windows 10 Operating System,1 TB HDD,14 inches,,"₹44,780"
Infinix,X1,,Intel,Corei5,10thGen,8GB,  Windows 11 Operating System,512 GB SSD,14 inch,,"₹59,999"
ASUS,Ryzen,4.3,AMD,Ryzen5,,8GB,  Windows 10 Operating System,512 GB SSD,14 inch,1,"₹72,990"
MSI,Modern,3.5,Intel,Corei7,11thGen,8GB,  Windows 10 Operating System,512 GB SSD,14 inch,,"₹89,990"
ASUS,VivoBook,3.7,Intel,Corei3,10thGen,4GB,  Windows 10 Operating System,1 TB HDD,15.6 inch,1,"₹40,990"
DELL,Inspiron,4.6,Intel,Corei5,11thGen,8GB,  Windows 10 Operating System,512 GB SSD,14 inch,1,"₹89,564"
MSI,Core,,Intel,Corei3,10thGen,8GB,  Windows 10 Operating System,512 GB SSD,14 inch,,"₹55,990"
Lenovo,Yoga,,AMD,Ryzen7,,16GB,  Windows 11 Operating System,512 GB SSD,13.3 inch,1,"₹1,25,890"
HP,Pavilion,4.5,AMD,Ryzen5,,16GB,  Windows 10 Operating System,512 GB SSD,13.3 inch,1,"₹89,992"
Lenovo,IdeaPad,4.2,Intel,Corei3,10thGen,4GB,  Windows 10 Operating System,256 GB SSD,14 inch,1,"₹50,290"
ASUS,ExpertBook,,Intel,Corei5,10thGen,8GB,  Windows 10 Operating System,1 TB HDD,14 inch,,"₹70,990"
DELL,XPS,1.7,Intel,Corei7,8thGen,16GB,  Windows 10 Operating System,512 GB SSD,13.3 inch,1,"₹1,39,104"
APPLE,MacBook,4.7,Apple,M1Processor,,8GB,Mac OS Operating System,512 GB SSD,13.3 inch,1,"₹1,17,900"
ASUS,VivoBook,,Intel,Corei3,10thGen,4GB,  Windows 11 Operating System,512 GB SSD,15.6 inch,1,"₹49,990"
ASUS,Vivobook,,Intel,Corei3,11thGen,8GB,  Windows 11 Operating System,1 TB HDD|256 GB SSD,14.1 inch,1,"₹57,990"
Lenovo,IdeaPad,4.3,Intel,Corei5,11thGen,16GB,  Windows 11 Operating System,512 GB SSD,14 inch,,"₹97,890"
ASUS,VivoBook,4.5,Intel,Corei7,11thGen,8GB,  Windows 10 Operating System,512 GB SSD,15.6 inch,1,"₹1,04,990"
HP,Core,4.2,Intel,Corei7,10thGen,16GB,  Windows 10 Operating System,512 GB SSD,15.6 inch,1,"₹1,05,618"
ASUS,Zephyrus,,Intel,Corei9,11thGen,32GB,Windows 10 Operating System,3 TB SSD,17.3 inch,1,"₹4,41,990"
HP,Core,,Intel,Corei3,11thGen,8GB,  Windows 11 Operating System,256 GB SSD,14 inch,1,"₹55,562"
Lenovo,IdeaPad,4.3,Intel,Corei5,11thGen,16GB,Windows 10 Operating System,512 GB SSD,14 Inch,1,"₹1,13,290"
ASUS,VivoBook,4.5,AMD,Ryzen5,,8GB,  Windows 10 Operating System,512 GB SSD,14 inch,1,"₹73,990"
HP,Core,,Intel,Corei3,11thGen,8GB,  Windows 10 Operating System,1 TB HDD,15.6 Inch,1,"₹47,264"
ASUS,Vivobook,,Intel,Corei3,11thGen,8GB,  Windows 11 Operating System,1 TB HDD|256 GB SSD,14.1 inch,1,"₹57,990"
DELL,Vostro,4.1,AMD,AthlonDual,,4GB,  Windows 10 Operating System,256 GB SSD,14 inch,1,"₹43,176"
HP,Pavilion,4.6,AMD,Ryzen7,,16GB,  Windows 10 Operating System,512 GB SSD,15.6 inches,1,"₹1,03,215"
Lenovo,Thinkbook,,Intel,Corei5,11thGen,8GB,  Windows 10 Operating System,512 GB SSD,14 inch,3,"₹1,51,557"
MSI,Alpha,4.8,AMD,Ryzen7,,16GB,  Windows 10 Operating System,1 TB SSD,15.6 inch,1,"₹1,45,990"
MSI,GF63,4.1,Intel,Corei5,10thGen,8GB,  Windows 10 Operating System,1 TB HDD,15.6 inch,2,"₹72,990"
ASUS,ZenBook,4.4,Intel,Corei5,11thGen,16GB,  Windows 10 Operating System,512 GB SSD,14 inch,1,"₹1,40,990"
HP,Ryzen,,AMD,Ryzen7,,8GB,  Windows 10 Operating System,512 GB SSD,14 inch,1,"₹73,625"
HP,14s,4.3,Intel,Corei5,10thGen,8GB,  Windows 10 Operating System,512 GB SSD,14 Inch,1,"₹77,996"
HP,Envy,4.8,Intel,Corei7,11thGen,16GB,  Windows 11 Operating System,512 GB SSD,13.3 inch,1,"₹1,14,750"
Lenovo,IdeaPad,4.6,Intel,Corei5,11thGen,16GB,  Windows 10 Operating System,512 GB SSD,14 inch,1,"₹1,04,890"
ASUS,Vivobook,,AMD,Ryzen7,,16GB,  Windows 10 Operating System,512 GB SSD,14 Inch,1,"₹1,29,990"
Lenovo,Ideapad,4.2,Intel,Corei5,11thGen,8GB,  Windows 10 Operating System,256 GB SSD,15.6 inch,2,"₹75,390"
Lenovo,ThinkPad,4.5,Intel,Corei5,11thGen,8GB,  Windows 10 Operating System,512 GB SSD,15.6 Inch,1,"₹75,879"
HP,OMEN,4.9,AMD,Ryzen7,,16GB,  Windows 10 Operating System,1 TB SSD,15.6 inch,1,"₹1,75,990"
DELL,3000,,Intel,Corei3,11thGen,8GB,Windows 11 Operating System,1 TB HDD,15.6 inch,,"₹55,506"
ASUS,VivoBook,,Intel,Corei7,10thGen,16GB,  Windows 11 Operating System,512 GB SSD,15.6 inch,1,"₹80,990"
DELL,Inspiron,4.2,Intel,Corei5,11thGen,8GB,  Windows 10 Operating System,1 TB HDD|256 GB SSD,15.6 inches,,"₹85,787"
DELL,Vostro,3.7,Intel,Corei5,11thGen,8GB,  Windows 10 Operating System,1 TB HDD,14 inch,1,"₹55,347"
Lenovo,Ideapad,,Intel,Corei5,11thGen,8GB,Windows 10 Operating System,512 GB SSD,15.6 inch,2,"₹88,990"
HP,15s,4.1,Intel,Corei3,10thGen,8GB,  Windows 10 Operating System,1 TB HDD,15.6 Inch,1,"₹43,090"
ASUS,ExpertBook,,Intel,Corei7,10thGen,16GB,  Windows 10 Operating System,1 TB SSD,14 inch,,"₹2,02,990"
APPLE,MacBook,4.8,Intel,Corei5,10thGen,16GB,Mac OS Operating System,1 TB SSD,13 inch,1,"₹1,94,900"
APPLE,MacBook,4.7,Intel,Corei5,10thGen,16GB,Mac OS Operating System,512 GB SSD,13 inch,1,"₹1,74,900"
acer,Nitro,4.5,AMD,Ryzen7,,16GB,  Windows 10 Operating System,1 TB HDD|256 GB SSD,15.6 inch,1,"₹1,19,990"
Lenovo,IdeaPad,,AMD,Ryzen5,,8GB,  Windows 11 Operating System,512 GB SSD,15.6 inch,1,"₹89,490"
DELL,XPS,,Intel,Corei5,11thGen,16GB,  Windows 10 Operating System,512 GB SSD,13.4 inch,1,"₹1,65,882"
ASUS,F17,,Intel,Corei5,11thGen,8GB,  Windows 10 Operating System,1 TB SSD,17.3 inch,,"₹1,16,990"
DELL,Inspiron,4,AMD,Ryzen3,,8GB,  Windows 10 Operating System,256 GB SSD,15.6 inch,1,"₹52,437"
MSI,Stealth,4.4,Intel,Corei7,11thGen,16GB,  Windows 10 Operating System,1 TB SSD,15.6 inch,2,"₹1,62,990"
ASUS,Vivobook,,AMD,Ryzen9,,16GB,  Windows 10 Operating System,1 TB SSD,16 Inch,1,"₹1,62,990"
ASUS,Zenbook,4.9,Intel,Corei5,11thGen,8GB,  Windows 10 Operating System,512 GB SSD,14 inch,1,"₹1,10,990"
HP,Pavilion,4.2,Intel,Corei7,11thGen,16GB,  Windows 10 Operating System,512 GB SSD,15.6 inches,1,"₹1,07,262"
ASUS,Ryzen,4.6,AMD,Ryzen5,,8GB,  Windows 10 Operating System,512 GB SSD,15.6 inch,1,"₹62,990"
acer,Aspire,4.2,Intel,Corei3,11thGen,4GB,  Windows 10 Operating System,256 GB SSD,15.6 inch,1,"₹49,500"
HP,Envy,4.8,AMD,Ryzen5,,16GB,  Windows 11 Operating System,512 GB SSD,13.3 inch,1,"₹91,000"
HP,Spectre,3.3,Intel,Corei7,10thGen,16GB,  Windows 10 Operating System,512 GB SSD,13.3 inch,1,"₹1,92,977"
acer,Aspire,4.4,Intel,Corei5,9thGen,8GB,  Windows 10 Operating System,512 GB SSD,15.6 inch,1,"₹84,999"
HP,HP,,Intel,Corei5,11thGen,16GB,  Windows 10 Operating System,512 GB SSD,14 inch,1,"₹1,13,000"
Lenovo,IdeaPad,4.1,Intel,Corei5,11thGen,8GB,  Windows 10 Operating System,512 GB SSD,15.6 Inch,1,"₹79,890"
HP,Pavilion,4.4,AMD,Ryzen5,,8GB,  Windows 10 Operating System,512 GB SSD,14 inch,1,"₹67,931"
ASUS,Core,4.6,Intel,Corei7,10thGen,32GB,  Windows 10 Operating System,1 TB SSD,15.6 inch,1,"₹2,72,990"
ASUS,TUF,4.4,AMD,Ryzen7,,8GB,Windows 10 Operating System,1 TB SSD,15.6 inch,,"₹1,05,990"
ASUS,TUF,,Intel,Corei9,11thGen,16GB,  Windows 10 Operating System,1 TB SSD,15.6 Inch,,"₹1,87,990"
DELL,Inspiron,5,Intel,Corei5,11thGen,8GB,  Windows 10 Operating System,512 GB SSD,14 inch,1,"₹1,03,225"
Lenovo,IdeaPad,4.4,Intel,Corei3,11thGen,8GB,  Windows 10 Operating System,256 GB SSD,14 Inch,1,"₹58,890"
ASUS,ROG,,AMD,Ryzen7,,16GB,  Windows 10 Operating System,512 GB SSD,14 inch,1,"₹1,63,990"
ASUS,ROG,,AMD,Ryzen9,,16GB,  Windows 10 Operating System,1 TB SSD,13.4 inch,1,"₹1,75,990"
ASUS,Pentium,3.8,Intel,PentiumQuad,,4GB,  Windows 10 Operating System,1 TB HDD,15.6 inch,1,"₹32,990"
ASUS,Strix,,AMD,Ryzen7,,8GB,  Windows 10 Operating System,512 GB SSD,15.6 inch,1,"₹93,990"
Avita,PURA,3.7,AMD,APUDual,,4GB,  Windows 10 Operating System,128 GB SSD,14 inches,,"₹27,990"
HP,15s,4.2,AMD,Ryzen3,,8GB,  Windows 10 Operating System,1 TB HDD,15.6 inch,1,"₹45,780"
Lenovo,ThinkPad,,Intel,Corei5,10thGen,8GB,  Windows 10 Operating System,512 GB HDD|512 GB SSD,14 Inch,3,"₹1,46,680"
Lenovo,Ideapad,4.3,Intel,Corei5,11thGen,8GB,  Windows 10 Operating System,512 GB SSD,14 inch,1,"₹66,990"
acer,Travelmate,4.2,Intel,Corei3,11thGen,8GB,  Windows 10 Operating System,1 TB HDD|256 GB SSD,14 inches,,"₹60,000"
ASUS,Vivobook,4.5,Intel,Corei3,11thGen,8GB,  Windows 10 Operating System,256 GB SSD,15.6 inch,1,"₹48,990"
ASUS,VivoBook,5,Intel,Corei3,11thGen,8GB,  Windows 10 Operating System,256 GB SSD,15.6 inch,1,"₹58,990"
ASUS,Vivobook,4.3,Intel,Corei3,11thGen,8GB,  Windows 10 Operating System,1 TB HDD,15.6 inch,1,"₹50,990"
Lenovo,Ideapad,,Intel,Corei5,11thGen,8GB,  Windows 10 Operating System,256 GB SSD,15.6 inch,1,"₹75,490"
Lenovo,IdeaPad,4.2,Intel,Corei5,11thGen,8GB,Windows 10 Operating System,512 GB SSD,15.6 Inch,,"₹1,04,890"
Lenovo,V15,,Intel,Corei3,11thGen,4GB,  Windows 10 Operating System,256 GB SSD,15.6 inch,1,"₹49,080"
DELL,XPS,,Intel,Corei5,11thGen,16GB,  Windows 10 Operating System,512 GB SSD,13.3 Inch,1,"₹1,15,729"
DELL,Inspiron,4.2,Intel,Corei5,11thGen,16GB,  Windows 10 Operating System,512 GB SSD,15.6 Inch,1,"₹82,474"
ASUS,VivoBook,4.2,AMD,Ryzen5,,8GB,  Windows 10 Operating System,1 TB HDD|256 GB SSD,17.3 inch,1,"₹74,990"
DELL,Inspiron,4.2,Intel,Corei5,11thGen,8GB,  Windows 10 Operating System,256 GB SSD,15.6 inch,1,"₹74,752"
Lenovo,ThinkPad,4.7,Intel,Corei5,11thGen,8GB,  Windows 10 Operating System,512 GB SSD,15.6 inch,1,"₹78,109"
MICROSOFT,Surface,4.1,AMD,Ryzen5,,8GB,  Windows 10 Operating System,128 GB SSD,15 inch,,"₹1,24,999"
Lenovo,Core,4,Intel,Corei5,11thGen,16GB,Windows 10 Operating System,512 GB SSD,15.6 Inch,1,"₹80,366"
Lenovo,Legion,4.3,Intel,Corei5,9thGen,8GB,  Windows 10 Operating System,1 TB HDD|256 GB SSD,15.6 inch,1,"₹86,690"
DELL,Inspiron,3.5,Intel,Corei5,11thGen,16GB,  Windows 10 Operating System,512 GB SSD,14 Inch,1,"₹90,605"
Lenovo,Core,3.6,Intel,Corei5,11thGen,8GB,Windows 10 Operating System,512 GB SSD,15.6 Inch,1,"₹84,086"
ASUS,ZenBook,5,AMD,Ryzen7,,16GB,  Windows 10 Operating System,512 GB SSD,14 inch,1,"₹98,990"
Lenovo,IdeaPad,4.4,Intel,Corei3,11thGen,8GB,  Windows 10 Operating System,512 GB SSD,14 inch,1,"₹62,490"
Lenovo,Ideapad,,Intel,Corei5,10thGen,8GB,  Windows 11 Operating System,512 GB SSD,15.6 inch,1,"₹89,999"
ASUS,TUF,,Intel,Corei7,11thGen,8GB,  Windows 10 Operating System,1 TB SSD,15.6 Inch,1,"₹1,27,990"
ASUS,ROG,,AMD,Ryzen9,,32GB,  Windows 10 Operating System,1 TB SSD,13.4 inch,1,"₹2,14,990"
ASUS,Zenbook,4.8,Intel,Corei5,11thGen,8GB,Windows 10 Operating System,512 GB SSD,14 inch,1,"₹90,990"
Lenovo,Ideapad,4.5,Intel,Corei3,11thGen,8GB,  Windows 10 Operating System,256 GB SSD,14 inch,1,"₹69,890"
ASUS,VivoBook,4.4,Intel,Corei3,10thGen,4GB,  Windows 10 Operating System,512 GB SSD,14 inch,1,"₹49,990"
DELL,Vostro,4.2,Intel,Corei3,11thGen,8GB,  Windows 10 Operating System,256 GB SSD,14 inches,,"₹50,394"
Lenovo,Athlon,3.8,AMD,AthlonDual,,4GB,  DOS Operating System,1 TB HDD,15.6 inch,,"₹33,000"
Lenovo,Ideapad,4.3,AMD,Ryzen5,,8GB,  Windows 10 Operating System,1 TB HDD,15.6 Inch,1,"₹76,890"
ASUS,VivoBook,4.4,Intel,Corei3,10thGen,4GB,  Windows 10 Operating System,512 GB SSD,14 inch,1,"₹49,990"
DELL,Inspiron,4.3,Intel,Corei5,11thGen,8GB,  Windows 10 Operating System,1 TB HDD|256 GB SSD,15.6 inch,1,"₹58,427"
DELL,XPS,,Intel,Corei5,11thGen,16GB,  Windows 10 Operating System,512 GB SSD,13.3 Inch,1,"₹1,15,729"
acer,Predator,4.4,Intel,Corei7,11thGen,16GB,  Windows 10 Operating System,1 TB SSD,15.6 inches,1,"₹1,49,990"
ASUS,ZenBook,4.8,Intel,Corei5,11thGen,8GB,  Windows 10 Operating System,512 GB SSD,14 inch,1,"₹1,16,990"
DELL,Vostro,4.1,Intel,Corei5,11thGen,8GB,  Windows 10 Operating System,512 GB SSD,14 inch,1,"₹87,168"
DELL,Core,,Intel,Corei3,10thGen,4GB,Windows 10 Operating System,1 TB HDD|256 GB SSD,15.6 inch,,"₹50,000"
ASUS,ExpertBook,,Intel,Corei7,10thGen,8GB,  Windows 10 Operating System,1 TB HDD,14 inch,,"₹93,990"
acer,Aspire,3.9,Intel,Corei5,11thGen,8GB,  Windows 10 Operating System,1 TB HDD,14 inch,1,"₹56,999"
MSI,WF65,,Intel,Corei7,10thGen,16GB,  Windows 10 Operating System,1 TB HDD|256 GB SSD,15.6 inch,3,"₹1,79,990"
ASUS,ZenBook,3.7,Intel,Corei7,8thGen,8GB,  Windows 10 Operating System,512 GB SSD,13.3 inch,1,"₹85,031"
HP,Pavilion,4.5,AMD,Ryzen5,,8GB,  Windows 10 Operating System,1 TB HDD|256 GB SSD,15.6 inch,1,"₹83,085"
ASUS,Ryzen,,AMD,Ryzen7,,16GB,  Windows 10 Operating System,1 TB SSD,13.3 inch,1,"₹1,10,990"
Lenovo,B50-70,3.8,Intel,Corei5,4thGen,8GB,  Windows 8 Operating System,1 TB HDD,15.6 inch,,"₹52,490"
Lenovo,X390,,Intel,Corei5,10thGen,8GB,  Windows 10 Operating System,512 GB SSD,13.3 inch,,"₹1,20,000"
Lenovo,Core,,Intel,Corei5,11thGen,16GB,  Windows 10 Operating System,512 GB SSD,15 inch,3,"₹1,19,520"
Lenovo,Thinkbook,4,Intel,Corei5,11thGen,8GB,  Windows 10 Operating System,512 GB SSD,15 inch,1,"₹1,15,167"
ASUS,TUF,4.4,AMD,Ryzen7,,8GB,Windows 10 Operating System,1 TB SSD,15.6 inch,,"₹1,05,990"
ASUS,Ryzen,4.6,AMD,Ryzen5,,8GB,  Windows 10 Operating System,512 GB SSD,15.6 inch,1,"₹62,990"
Lenovo,Ideapad,,Intel,Corei5,11thGen,8GB,  Windows 10 Operating System,512 GB SSD,14 inch,2,"₹72,690"
ASUS,Zenbook,5,Intel,Corei5,11thGen,16GB,Windows 10 Operating System,512 GB SSD,13.3 inch,1,"₹1,04,990"
LG,Gram,4.5,Intel,Corei5,10thGen,8GB,  Windows 10 Operating System,256 GB SSD,14 inch,,"₹99,000"
Lenovo,Yoga,4,Intel,Corei5,10thGen,8GB,  Windows 10 Operating System,512 GB SSD,14 inch,1,"₹1,13,290"
DELL,Inspiron,4.3,Intel,Corei5,10thGen,8GB,  Windows 10 Operating System,512 GB SSD,14 inch,1,"₹99,433"
acer,ConceptD,,Intel,Corei5,8thGen,8GB,  Windows 10 Operating System,512 GB SSD,15.6 inch,1,"₹1,19,999"
ASUS,VivoBook,4.2,Intel,Corei5,11thGen,8GB,  Windows 10 Operating System,1 TB HDD|256 GB SSD,15.6 inch,1,"₹81,990"
Lenovo,Core,,Intel,Corei5,11thGen,16GB,  Windows 10 Operating System,512 GB SSD,15 inch,3,"₹1,19,520"
Lenovo,Thinkbook,4,Intel,Corei5,11thGen,8GB,  Windows 10 Operating System,512 GB SSD,15 inch,1,"₹1,15,167"
Lenovo,X390,,Intel,Corei5,10thGen,8GB,  Windows 10 Operating System,512 GB SSD,13.3 inch,,"₹1,20,000"
ASUS,Zenbook,5,Intel,Corei5,11thGen,16GB,Windows 10 Operating System,512 GB SSD,13.3 inch,1,"₹1,04,990"
Lenovo,Yoga,4,Intel,Corei5,10thGen,8GB,  Windows 10 Operating System,512 GB SSD,14 inch,1,"₹1,13,290"
LG,Gram,4.5,Intel,Corei5,10thGen,8GB,  Windows 10 Operating System,256 GB SSD,14 inch,,"₹99,000"
ASUS,TUF,4,Intel,Corei5,11thGen,16GB,  Windows 10 Operating System,512 GB SSD,15.6 inch,1,"₹1,11,990"
HP,Envy,4.7,Intel,Corei5,10thGen,16GB,  Windows 10 Operating System,512 GB SSD,15.6 inch,1,"₹1,38,366"
ASUS,Zenbook,,Intel,Corei7,11thGen,16GB,  Windows 10 Operating System,512 GB SSD,13.3 inch,1,"₹1,40,990"
DELL,Inspiron,4.3,Intel,Corei5,10thGen,8GB,  Windows 10 Operating System,512 GB SSD,14 inch,1,"₹99,433"
ASUS,ZenBook,5,Intel,Corei5,10thGen,8GB,  Windows 10 Operating System,512 GB SSD,14 inch,1,"₹1,05,990"
DELL,XPS,,Intel,Corei5,10thGen,8GB,  Windows 10 Operating System,512 GB SSD,13.3 inch,1,"₹1,54,446"
Lenovo,Ideapad,4.4,AMD,Ryzen7,,8GB,  Windows 10 Operating System,512 GB SSD,14 Inch,1,"₹85,290"
LG,Gram,4.5,Intel,Corei5,10thGen,8GB,  Windows 10 Operating System,256 GB SSD,15.6 inch,,"₹1,04,000"
ASUS,Vivobook,,AMD,Ryzen9,,16GB,  Windows 10 Operating System,1 TB SSD,14 Inch,1,"₹1,42,990"
Avita,PURA,3.7,AMD,APUDual,,4GB,  Windows 10 Operating System,128 GB SSD,14 inches,,"₹27,990"
DELL,Core,,Intel,Corei5,11thGen,8GB,Windows 10 Operating System,1 TB HDD|256 GB SSD,15.6 inch,,"₹79,990"
acer,Swift,4,Intel,Corei5,8thGen,8GB,  Windows 10 Operating System,256 GB SSD,14 inch,1,"₹82,799"
Lenovo,Legion,4.6,Intel,Corei7,11thGen,16GB,  Windows 11 Operating System,1 TB SSD,16 inch,,"₹2,24,490"
APPLE,Macbook,,Apple,M1Pro,,16GB,Mac OS Operating System,1 TB SSD,14.2 inch,1,"₹2,39,900"
HP,Envy,4.3,Intel,Corei5,11thGen,16GB,  Windows 10 Operating System,512 GB SSD,13.3 inch,1,"₹95,092"
DELL,Inspiron,4.5,Intel,Corei5,11thGen,8GB,  Windows 10 Operating System,512 GB SSD,14 Inch,1,"₹79,900"
APPLE,Macbook,,Apple,M1Pro,,16GB,Mac OS Operating System,512 GB SSD,14.2 inch,1,"₹1,94,900"
Lenovo,Celeron,,Intel,CeleronDual,4th,4GB,Windows 10 Operating System,256 GB SSD,14 inch,,"₹40,490"
HP,14s,4.4,Intel,Corei3,10thGen,8GB,  Windows 10 Operating System,512 GB SSD,14 Inch,1,"₹55,904"
MICROSOFT,Surface,4.4,Intel,Corei5,10thGen,8GB,  Windows 10 Operating System,128 GB SSD,13.5 inch,,"₹1,04,999"
MSI,Prestige,5,Intel,Corei5,11thGen,16GB,  Windows 10 Operating System,512 GB SSD,14 inch,1,"₹93,489"
DELL,Inspiron,4.1,Intel,Corei3,11thGen,8GB,  Windows 10 Operating System,1 TB HDD|256 GB SSD,15.6 inch,1,"₹55,534"
ASUS,ZenBook,,AMD,Ryzen5,,8GB,  Windows 10 Operating System,512 GB SSD,14 inch,1,"₹99,990"
APPLE,MacBook,4.5,Intel,Corei5,10thGen,8GB,Mac OS Operating System,512 GB SSD,13.3 inch,1,"₹1,22,990"
ASUS,Core,5,Intel,Corei5,10thGen,8GB,Windows 10 Operating System,1 TB HDD|256 GB SSD,15.6 inch,,"₹67,990"
ASUS,Zenbook,,Intel,Corei7,11thGen,16GB,  Windows 10 Operating System,1 TB SSD,14 inch,1,"₹1,46,990"
Lenovo,ThinkPad,,Intel,Corei5,10thGen,16GB,  Windows 10 Operating System,512 GB SSD,13.3 Inch,3,"₹1,47,000"
HP,Spectre,4.5,Intel,Corei5,10thGen,8GB,  Windows 10 Operating System,512 GB SSD,13.3 inch,1,"₹1,22,803"
Lenovo,IdeaPad,4.6,Intel,Corei5,11thGen,16GB,  Windows 11 Operating System,512 GB SSD,15.6 inch,,"₹95,994"
DELL,Core,,Intel,Corei5,11thGen,8GB,Windows 10 Operating System,1 TB HDD|256 GB SSD,14 inch,,"₹61,563"
Lenovo,IdeaPad,3.7,Intel,Corei5,11thGen,8GB,  Windows 10 Operating System,512 GB SSD,15.6 inch,,"₹93,690"
Lenovo,APU,3.9,AMD,APUDual,,4GB,  DOS Operating System,1 TB HDD,14 inch,,"₹21,896"
HP,Envy,,AMD,Ryzen7,,16GB,  Windows 10 Operating System,1 TB SSD,13.3 inch,1,"₹1,18,775"
ASUS,ExpertBook,,Intel,Corei5,10thGen,8GB,DOS Operating System,512 GB SSD,14 inch,,"₹69,990"
Lenovo,Ideapad,,Intel,Corei5,11thGen,8GB,  Windows 10 Operating System,512 GB SSD,14 inch,2,"₹72,690"
Lenovo,Core,,Intel,Corei3,10thGen,4GB,Windows 10 Operating System,256 GB SSD,12 inch,,"₹50,290"
ASUS,TUF,,Intel,Corei7,11thGen,8GB,  Windows 10 Operating System,1 TB SSD,15.6 Inch,1,"₹1,27,990"
ASUS,ZenBook,4.8,Intel,Corei5,11thGen,8GB,  Windows 10 Operating System,512 GB SSD,14 inch,1,"₹1,16,990"
Lenovo,Legion,4.4,Intel,Corei5,9thGen,8GB,  Windows 10 Operating System,1 TB HDD|256 GB SSD,15.6 inch,1,"₹89,490"
acer,Nitro,4.5,AMD,Ryzen7,,16GB,  Windows 10 Operating System,1 TB HDD|256 GB SSD,15.6 inch,,"₹1,19,900"
Avita,PURA,3.7,AMD,APUDual,,8GB,  Windows 10 Operating System,256 GB SSD,14 inches,,"₹33,490"
Lenovo,Thinkpad,,Intel,Corei7,11thGen,16GB,  Windows 10 Operating System,512 GB SSD,15.6 inch,,"₹1,63,200"
DELL,Core,4.3,Intel,Corei3,11thGen,8GB,  Windows 10 Operating System,256 GB SSD,14 Inch,,"₹72,246"
Lenovo,Legion,,AMD,Ryzen5,,8GB,  Windows 10 Operating System,1 TB HDD|256 GB SSD,15.6 inch,,"₹91,790"
Lenovo,Legion,,Intel,Corei7,10thGen,16GB,  Windows 10 Operating System,1 TB SSD,15.6 inch,1,"₹3,49,890"
ASUS,ZenBook,4.5,Intel,Corei7,8thGen,8GB,  Windows 10 Operating System,512 GB SSD,14 inch,1,"₹99,990"
HP,Spectre,,Intel,Corei5,11thGen,16GB,  Windows 10 Operating System,512 GB SSD,13.5 inch,1,"₹1,55,436"
Lenovo,ThinkPad,,Intel,Corei5,10thGen,16GB,  Windows 10 Operating System,512 GB HDD|512 GB SSD,14 Inch,3,"₹1,55,411"
DELL,G5,4.4,AMD,Ryzen5,,8GB,  Windows 10 Operating System,512 GB SSD,15.6 inch,,"₹80,996"
ASUS,Zephyrus,,Intel,Corei7,11thGen,16GB,Windows 10 Operating System,1 TB SSD,16 inch,1,"₹2,20,990"
HP,Pavilion,4.5,AMD,Ryzen5,,8GB,  Windows 10 Operating System,1 TB HDD|256 GB SSD,15.6 inch,1,"₹83,085"
acer,Aspire,4.6,Intel,Corei5,11thGen,8GB,  Windows 10 Operating System,1 TB HDD|256 GB SSD,15.6 inch,1,"₹64,999"
acer,Swift,4.4,Intel,Corei5,7thGen,8GB,  Windows 10 Operating System,256 GB SSD,13.3 inch,1,"₹99,999"
ASUS,ZenBook,4.4,Intel,Corei7,11thGen,16GB,Windows 10 Operating System,1 TB SSD,14 inch,1,"₹1,64,990"
HP,Pavilion,,Intel,Corei5,11thGen,8GB,  Windows 10 Operating System,512 GB SSD,15.6 inch,1,"₹93,565"
acer,Nitro,4,Intel,Corei5,11thGen,8GB,  Windows 10 Operating System,1 TB HDD|256 GB SSD,15.6 inch,1,"₹1,00,000"
DELL,Inspiron,,Intel,Corei7,10thGen,8GB,  Windows 10 Operating System,512 GB SSD,13.3 inch,1,"₹1,19,442"
HP,Core,4.1,Intel,Corei3,11thGen,8GB,  Windows 10 Operating System,512 GB SSD,15.6 inch,1,"₹46,602"
ASUS,VivoBook,4.4,Intel,Corei3,11thGen,8GB,  Windows 10 Operating System,256 GB SSD,15.6 inch,1,"₹51,990"
Vaio,E,4.1,AMD,Ryzen5,,8GB,  Windows 10 Operating System,512 GB SSD,15.6 inch,2,"₹66,990"
Lenovo,Ideapad,,Intel,Corei5,10thGen,8GB,  Windows 11 Operating System,512 GB SSD,15.6 inch,1,"₹89,999"
ASUS,ZenBook,4.3,Intel,Corei7,8thGen,16GB,  Windows 10 Operating System,512 GB SSD,13.3 inch,1,"₹1,22,990"
HP,HP,,Intel,Corei5,11thGen,16GB,  Windows 10 Operating System,512 GB SSD,13.5 inch,1,"₹1,38,166"
Lenovo,Legion,,AMD,Ryzen5,,8GB,  Windows 11 Operating System,512 GB SSD,15.6 inch,,"₹1,07,690"
ASUS,ExpertBook,,Intel,Corei7,10thGen,16GB,  Windows 10 Operating System,2 TB SSD,14 inch,,"₹2,33,990"
Lenovo,Core,,Intel,Corei5,10thGen,8GB,Windows 10 Operating System,256 GB SSD,15.6 inch,,"₹1,31,490"
Lenovo,Ideapad,,Intel,Corei7,8thGen,8GB,  Windows 10 Operating System,512 GB SSD,13.3 inch,1,"₹86,000"
ASUS,Core,,Intel,Corei3,10thGen,4GB,Windows 10 Operating System,1 TB HDD,15.6 inch,,"₹40,990"
Lenovo,Ideapad,,AMD,Ryzen7,,16GB,  Windows 11 Operating System,512 GB SSD,14 inch,1,"₹1,08,590"
Lenovo,ThinkPad,,Intel,Corei7,10thGen,8GB,  Windows 10 Operating System,512 GB SSD,13.3 inch,,"₹1,54,710"
DELL,Core,,Intel,Corei5,11thGen,8GB,Windows 10 Operating System,1 TB HDD,15 inch,,"₹59,990"
DELL,Ryzen,,AMD,Ryzen5,,8GB,Windows 10 Operating System,1 TB HDD|256 GB SSD,15 inch,,"₹65,610"
Mi,Notebook,4.2,Intel,Corei7,10thGen,8GB,  Windows 10 Operating System,512 GB SSD,14 inch,1,"₹65,999"
ASUS,ROG,,Intel,Corei7,10thGen,32GB,  Windows 10 Operating System,1 TB SSD,17.3 inch,1,"₹3,09,990"
Lenovo,Ideapad,4.3,Intel,Corei5,11thGen,8GB,  Windows 10 Operating System,1 TB HDD|256 GB SSD,15.6 inch,1,"₹96,490"
ASUS,ExpertBook,,Intel,Corei7,10thGen,16GB,  Windows 10 Operating System,1 TB SSD,14 inch,,"₹2,02,990"
ASUS,ExpertBook,,Intel,Corei7,10thGen,16GB,  Windows 10 Operating System,1 TB SSD,14 inch,,"₹2,02,990"
HP,Pavilion,4.2,AMD,Ryzen5,,16GB,  Windows 10 Operating System,512 GB SSD,14 inch,1,"₹74,839"
ASUS,ROG,,Intel,Corei7,10thGen,32GB,  Windows 10 Operating System,1 TB SSD,15.6 inch,,"₹3,24,990"
ASUS,ROG,,Intel,Corei7,10thGen,32GB,  Windows 10 Operating System,1 TB SSD,17.3 inch,1,"₹3,09,990"
Lenovo,Ideapad,4.3,Intel,Corei5,11thGen,8GB,  Windows 10 Operating System,1 TB HDD|256 GB SSD,15.6 inch,1,"₹96,490"
ASUS,ROG,5,AMD,Ryzen9,,16GB,  Windows 10 Operating System,1 TB SSD,15.6 inch,,"₹1,62,990"
ASUS,ROG,4.3,AMD,Ryzen9,,16GB,  Windows 10 Operating System,1 TB SSD,15.6 inch,1,"₹1,87,990"
acer,Swift,4.5,Intel,Corei5,10thGen,8GB,  Windows 10 Operating System,512 GB SSD,14 inch,1,"₹69,738"
HP,Spectre,,Intel,Corei5,8thGen,8GB,  Windows 10 Operating System,256 GB SSD,13.3 inch,1,"₹1,51,133"
HP,Spectre,5,Intel,Corei5,10thGen,8GB,  Windows 10 Operating System,512 GB SSD,13.3 inch,1,"₹1,52,042"
ASUS,Vivobook,,Intel,Corei3,10thGen,4GB,  Windows 10 Operating System,1 TB HDD,15.6 inch,1,"₹48,990"
ASUS,Vivobook,4,Intel,Corei5,11thGen,8GB,  Windows 10 Operating System,512 GB SSD,15.6 inch,1,"₹69,990"
ASUS,Zephyrus,,AMD,Ryzen5,,8GB,  Windows 10 Operating System,512 GB SSD,14 inch,1,"₹1,54,990"
acer,Travelmate,4.1,Intel,Corei5,11thGen,8GB,  Windows 10 Operating System,512 GB SSD,14 inch,,"₹70,000"
Lenovo,Core,,Intel,Corei5,11thGen,8GB,Windows 10 Operating System,1 TB HDD|256 GB SSD,15.6 inch,,"₹1,02,090"
DELL,Ryzen,,AMD,Ryzen3,,8GB,Windows 10 Operating System,8 GB SSD,15.6 inch,,"₹53,603"
Lenovo,Legion,,Intel,Corei5,9thGen,8GB,  Windows 10 Operating System,512 GB SSD,15.6 inch,,"₹84,990"
Lenovo,Thinkbook,,Intel,Corei7,11thGen,16GB,  Windows 10 Operating System,512 GB SSD,14 inch,3,"₹1,09,696"
Lenovo,IdeaPad,4.4,Intel,Corei3,10thGen,4GB,  Windows 10 Operating System,256 GB SSD,15.6 inch,2,"₹48,200"
ASUS,Core,3.7,Intel,Corei3,10thGen,4GB,Windows 10 Operating System,1 TB HDD,15.6 inch,,"₹40,990"
HP,15,,Intel,Corei7,8thGen,16GB,  Windows 10 Operating System,1 TB HDD|128 GB SSD,15.6 inch,1,"₹1,11,990"
ASUS,ROG,,AMD,Ryzen7,,8GB,  Windows 10 Operating System,512 GB SSD,14 inch,1,"₹1,22,990"
ASUS,Vivobook,,Intel,Corei3,11thGen,8GB,  Windows 10 Operating System,256 GB SSD,15.6 inch,1,"₹52,990"
ASUS,TUF,,Intel,Corei5,11thGen,8GB,  Windows 10 Operating System,1 TB SSD,15.6 inch,1,"₹1,07,990"
Lenovo,Ideapad,3.7,Intel,Corei5,11thGen,16GB,  Windows 10 Operating System,512 GB SSD,15.6 Inch,1,"₹1,04,890"
ASUS,ExpertBook,,Intel,Corei5,10thGen,8GB,  Windows 10 Operating System,512 GB SSD,14 inch,,"₹86,990"
MSI,Creator,,Intel,Corei9,11thGen,16GB,  Windows 10 Operating System,1 TB SSD,16 inch,,"₹2,23,890"
HP,Envy,,Intel,Corei7,11thGen,16GB,  Windows 10 Operating System,512 GB SSD,13.3 inch,1,"₹1,14,975"
ASUS,Zenbook,4,Intel,Corei5,11thGen,8GB,  Windows 10 Operating System,512 GB SSD,13.3 inch,1,"₹1,16,990"
ASUS,Ryzen,,AMD,Ryzen7,,8GB,Windows 10 Operating System,512 GB SSD,15.6 inch,,"₹96,990"
ASUS,Vivobook,4.1,Intel,Corei3,11thGen,4GB,  Windows 10 Operating System,256 GB SSD,14 inch,1,"₹49,990"
Lenovo,IdeaPad,4.4,Intel,Corei3,10thGen,8GB,  Windows 10 Operating System,256 GB SSD,15.6 inch,1,"₹55,890"
ASUS,ROG,4.4,AMD,Ryzen9,,16GB,  Windows 10 Operating System,1 TB SSD,13.4 Inch,1,"₹1,75,990"
ASUS,Vivobook,,Intel,Corei5,11thGen,8GB,  Windows 10 Operating System,1 TB HDD|256 GB SSD,15.6 inch,1,"₹81,990"
DELL,Core,,Intel,Corei5,11thGen,16GB,  Windows 10 Operating System,512 GB SSD,14 Inch,,"₹89,395"
Lenovo,IdeaPad,3.8,Intel,CeleronDual,4th,4GB,  Windows 10 Operating System,256 GB SSD,11.6 inch,1,"₹41,890"
Nexstgo,Core,,Intel,Corei5,8thGen,16GB,  Windows 10 Operating System,512 GB SSD,14 inch,,"₹1,16,490"
acer,Aspire,4.3,Intel,Corei3,10thGen,4GB,  Windows 10 Operating System,512 GB SSD,14 inch,1,"₹55,999"
ASUS,Core,5,Intel,Corei3,11thGen,4GB,Windows 10 Operating System,256 GB SSD,15.6 inch,,"₹52,990"
Lenovo,Legion,,AMD,Ryzen7,,16GB,  Windows 10 Operating System,1 TB SSD,15.6 inch,1,"₹1,81,890"
ASUS,Ryzen,,AMD,Ryzen5,,8GB,Windows 10 Operating System,512 GB HDD|512 GB SSD,15.6 inch,,"₹68,990"
acer,Aspire,4.3,Intel,Corei5,8thGen,8GB,  Windows 10 Operating System,1 TB HDD,15.6 inch,1,"₹61,850"
acer,Swift,5,AMD,Ryzen5,,8GB,  Windows 10 Operating System,512 GB SSD,14 inch,1,"₹89,999"
ASUS,Vivobook,4.7,AMD,Ryzen3,,8GB,  Windows 10 Operating System,256 GB SSD,14.1 inch,1,"₹46,990"
ASUS,VivoBook,4.4,Intel,Corei3,11thGen,8GB,  Windows 10 Operating System,256 GB SSD,14 inch,1,"₹64,990"
DELL,Inspiron,4,Intel,Corei5,11thGen,16GB,  Windows 10 Operating System,512 GB SSD,14 inch,1,"₹89,849"
MSI,GE66,5,Intel,Corei7,10thGen,32GB,  Windows 10 Operating System,1 TB SSD,15.6 inch,2,"₹2,04,491"
HP,Core,,Intel,Corei3,10thGen,8GB,Windows 10 Operating System,512 GB SSD,14.1 inch,,"₹47,916"
acer,P2,4.1,Intel,Corei5,10thGen,8GB,  Windows 10 Operating System,1 TB HDD,14 inch,,"₹59,500"
ASUS,ZenBook,,Intel,Corei7,11thGen,16GB,  Windows 10 Operating System,512 GB SSD,13.3 inch,1,"₹1,22,990"
ASUS,ZenBook,4.4,Intel,Corei5,10thGen,8GB,  Windows 10 Operating System,512 GB SSD,13.3 inch,1,"₹98,990"
ALIENWARE,Core,,Intel,Corei7,9thGen,16GB,  Windows 10 Operating System,1 TB SSD,15.6 inch,1,"₹2,76,120"
ASUS,Zephyrus,,Intel,Corei7,11thGen,16GB,Windows 10 Operating System,1 TB SSD,16 inch,1,"₹1,94,990"
ASUS,ZenBook,4.4,Intel,Corei7,8thGen,8GB,  Windows 10 Operating System,512 GB SSD,13.3 inch,1,"₹1,02,990"
ASUS,Core,5,Intel,Corei9,10thGen,32GB,  Windows 10 Operating System,1 TB SSD,15.6 inch,1,"₹3,26,990"
Lenovo,Core,4.1,Intel,Corei5,9thGen,8GB,  Windows 10 Operating System,1 TB HDD,15.6 inch,,"₹69,890"
acer,Aspire,4.2,Intel,Corei5,11thGen,8GB,  Windows 10 Operating System,1 TB HDD|128 GB SSD,15.6 inch,1,"₹74,999"
ASUS,Pro,,Intel,Corei5,8thGen,8GB,  Windows 10 Operating System,512 GB SSD,14 inch,,"₹88,990"
ASUS,Core,,Intel,Corei5,11thGen,16GB,  Windows 10 Operating System,1 TB HDD|256 GB SSD,17.3 Inch,,"₹85,990"
HP,Pavilion,4.5,Intel,Corei5,11thGen,16GB,  Windows 10 Operating System,512 GB SSD,14 inch,1,"₹77,142"
ASUS,ExpertBook,,Intel,Corei5,10thGen,8GB,  Windows 10 Operating System,1 TB HDD,14 inch,,"₹83,990"
HP,Spectre,,Intel,Corei7,11thGen,16GB,  Windows 10 Operating System,1 TB SSD,13.3 inch,1,"₹1,52,042"
ASUS,VivoBook,,Intel,Corei5,10thGen,8GB,  Windows 11 Operating System,512 GB SSD,15.6 inch,1,"₹62,990"
Lenovo,IdeaPad,4,AMD,Ryzen5,,8GB,  Windows 10 Operating System,512 GB SSD,15.6 inch,1,"₹78,290"
APPLE,MacBook,4.2,Intel,Corei5,8thGen,8GB,Mac OS Operating System,512 GB SSD,13.3 inch,1,"₹1,79,900"
Lenovo,IdeaPad,4.3,Intel,Corei5,10thGen,8GB,  Windows 10 Operating System,512 GB SSD,15.6 inch,,"₹68,434"
ASUS,VivoBook,4.4,Intel,Corei7,11thGen,8GB,  Windows 10 Operating System,512 GB SSD,14 inch,1,"₹96,990"
ASUS,ASUS,,Intel,Corei5,11thGen,16GB,Windows 11 Operating System,512 GB SSD,15.6 inch,1,"₹1,29,990"
HP,15,,Intel,Corei7,8thGen,8GB,  Windows 10 Operating System,1 TB HDD|128 GB SSD,15.6 inch,1,"₹1,16,941"
ASUS,Vivobook,4.4,Intel,Corei3,11thGen,4GB,  Windows 10 Operating System,256 GB SSD,14 inch,1,"₹45,990"
ASUS,ROG,4.5,AMD,Ryzen7,,16GB,  Windows 10 Operating System,1 TB SSD,13.4 inch,1,"₹1,62,990"
Vaio,E,4.1,AMD,Ryzen5,,8GB,  Windows 10 Operating System,512 GB SSD,15.6 inch,2,"₹66,990"
ASUS,Vivobook,,Intel,Corei5,11thGen,16GB,  Windows 11 Operating System,1 TB HDD|256 GB SSD,17.3 inch,1,"₹85,990"
ASUS,VivoBook,4,Intel,Corei5,11thGen,8GB,  Windows 10 Operating System,512 GB SSD,14 inch,1,"₹84,990"
ASUS,Vivobook,3.6,Intel,Corei3,10thGen,4GB,  Windows 10 Operating System,1 TB HDD,14 inch,,"₹40,990"
acer,Predator,4.6,Intel,Corei7,10thGen,16GB,  Windows 10 Operating System,1 TB HDD|256 GB SSD,15.6 inch,1,"₹1,50,000"
ASUS,AMD,,AMD,Ryzen5,,16GB,  Windows 10 Operating System,512 GB SSD,13.3 inch,1,"₹1,04,990"
Nokia,PureBook,4.4,Intel,Corei5,11thGen,8GB,  Windows 11 Operating System,512 GB SSD,14 inch,,"₹82,990"
HP,15s,4.2,Intel,Corei5,11thGen,8GB,  Windows 10 Operating System,512 GB SSD,15.6 inch,1,"₹69,918"
DELL,Inspiron,4.3,Intel,Corei5,11thGen,16GB,  Windows 10 Operating System,512 GB SSD,14 inches,,"₹89,849"
MSI,Summit,5,Intel,Corei7,11thGen,16GB,  Windows 10 Operating System,1 TB SSD,15.6 inch,2,"₹1,56,990"
ASUS,Vivobook,4.4,Intel,Corei5,11thGen,8GB,  Windows 10 Operating System,512 GB SSD,15.6 inch,1,"₹69,990"
MSI,Pulse,,Intel,Corei7,11thGen,16GB,  Windows 10 Operating System,1 TB SSD,15.6 Inch,2,"₹1,79,990"
ASUS,ROG,,AMD,Ryzen9,,16GB,  Windows 10 Operating System,1 TB SSD,14 inch,1,"₹1,94,990"
ASUS,ROG,,AMD,Ryzen9,,32GB,  Windows 10 Operating System,1 TB SSD,13.4 Inch,1,"₹3,50,990"
ASUS,Core,,Intel,Corei3,11thGen,4GB,  Windows 11 Operating System,256 GB SSD,14 Inch,,"₹49,990"
DELL,Inspiron,4.2,Intel,Corei5,11thGen,8GB,  Windows 10 Operating System,1 TB HDD|256 GB SSD,15.6 inch,,"₹68,361"
Lenovo,IdeaPad,4.3,Intel,Corei5,10thGen,8GB,  Windows 10 Operating System,1 TB HDD|256 GB SSD,15.6 inch,,"₹78,900"
Lenovo,Yoga,,Intel,Corei5,11thGen,16GB,  Windows 10 Operating System,512 GB SSD,14 inch,1,"₹1,17,490"
ASUS,ExpertBook,,Intel,Corei5,10thGen,8GB,  Windows 10 Operating System,512 GB SSD,14 inch,,"₹1,41,990"
ASUS,Vivobook,3.9,Intel,Corei3,10thGen,4GB,  Windows 10 Operating System,1 TB HDD,15.6 inch,1,"₹40,990"
HP,Pavilion,4.4,Intel,Corei5,11thGen,8GB,  Windows 10 Operating System,512 GB SSD,14 Inch,1,"₹72,990"
DELL,Inspiron,4.2,Intel,Corei5,11thGen,8GB,  Windows 10 Operating System,1 TB HDD|256 GB SSD,15.6 inch,1,"₹72,800"
Lenovo,Core,,Intel,Corei7,11thGen,16GB,Windows 10 Operating System,512 GB SSD,14 inch,,"₹1,39,890"
Vaio,SE,3.9,Intel,Corei5,8thGen,8GB,  Windows 10 Operating System,512 GB SSD,14 inch,2,"₹84,690"
ASUS,Vivobook,4.3,Intel,Corei5,11thGen,8GB,  Windows 10 Operating System,1 TB HDD|256 GB SSD,15.6 inch,1,"₹78,990"
DELL,Vostro,4.2,Intel,Corei3,10thGen,8GB,  Windows 10 Operating System,512 GB SSD,14 Inch,1,"₹49,000"
ASUS,ROG,4.7,AMD,Ryzen9,,16GB,  Windows 10 Operating System,1 TB SSD,13.4 inch,1,"₹1,81,990"
ASUS,Core,,Intel,Corei5,11thGen,8GB,Windows 10 Operating System,1 TB SSD,15.6 inch,,"₹1,13,990"
HP,14s,4.3,AMD,Ryzen5,,8GB,  Windows 10 Operating System,512 GB SSD,14 Inch,1,"₹58,657"
Lenovo,IDEAPAD,,AMD,Ryzen5,,8GB,Windows 10 Operating System,512 GB SSD,15.6 inch,1,"₹62,200"
DELL,Core,3.8,Intel,Corei5,11thGen,16GB,Windows 10 Operating System,512 GB SSD,15.6 inch,,"₹88,627"
Lenovo,IdeaPad,4.4,Intel,Corei5,10thGen,8GB,  Windows 10 Operating System,1 TB HDD|256 GB SSD,15.6 inch,,"₹1,09,990"
Lenovo,Yoga,4.7,Intel,Corei5,11thGen,16GB,  Windows 10 Operating System,512 GB SSD,14 Inch,1,"₹1,25,890"
DELL,GAMING,4.2,Intel,Corei5,10thGen,8GB,  Windows 10 Operating System,512 GB SSD,15.6 inch,12,"₹79,999"
DELL,Core,3.9,Intel,Corei3,11thGen,8GB,Windows 10 Operating System,1 TB HDD,15.6 inch,,"₹46,137"
ASUS,ROG,4.8,AMD,Ryzen9,,16GB,  Windows 10 Operating System,1 TB SSD,15.6 Inch,1,"₹2,59,990"
DELL,Core,,Intel,Corei3,11thGen,8GB,  Windows 10 Operating System,256 GB SSD,15.6 inch,1,"₹58,493"
DELL,Ryzen,,AMD,Ryzen5,,8GB,Windows 10 Operating System,1 TB SSD,15.6 inch,,"₹78,900"
ASUS,Rog,,AMD,Ryzen9,,16GB,  Windows 10 Operating System,1 TB SSD,15.6 inch,1,"₹1,66,990"
DELL,Inspiron,4.5,Intel,Corei5,11thGen,8GB,  Windows 10 Operating System,512 GB SSD,14 Inch,1,"₹85,990"
ASUS,Core,,Intel,Corei5,11thGen,8GB,Windows 10 Operating System,1 TB HDD|256 GB SSD,15.6 inch,,"₹73,999"
Lenovo,Core,,Intel,Corei5,11thGen,16GB,Windows 10 Operating System,512 GB SSD,15.6 inch,,"₹1,01,390"
Lenovo,Core,,Intel,Corei5,11thGen,16GB,Windows 10 Operating System,512 GB SSD,15.6 inch,,"₹1,01,390"
ASUS,Vivobook14,,Intel,Corei5,11thGen,8GB,  Windows 10 Operating System,256 GB SSD,14.1 inch,1,"₹66,990"
ASUS,ROG,4.1,AMD,Ryzen9,,32GB,  Windows 10 Operating System,1 TB SSD,13.4 inch,1,"₹1,94,990"
HP,Envy,4.3,Intel,Corei7,10thGen,16GB,  Windows 10 Operating System,1 TB SSD,15.6 inch,1,"₹1,73,453"
ASUS,F15,,Intel,Corei5,11thGen,8GB,  Windows 10 Operating System,1 TB SSD,15.6 Inch,,"₹1,05,000"
Lenovo,Ideapad,4.3,Intel,Corei5,11thGen,8GB,  Windows 10 Operating System,512 GB SSD,15.6 Inch,2,"₹79,890"
Vaio,E,3.8,AMD,Ryzen7,,8GB,  Windows 10 Operating System,512 GB SSD,15.6 inch,2,"₹76,090"
ASUS,ExpertBook,,Intel,Corei5,10thGen,8GB,DOS Operating System,1 TB HDD,14 inch,,"₹77,990"
ASUS,ZenBook,4.1,Intel,Corei5,8thGen,8GB,  Windows 10 Operating System,512 GB SSD,13.3 inch,1,"₹90,990"
Lenovo,Yoga,,AMD,Ryzen5,,16GB,  Windows 10 Operating System,512 GB SSD,13.3 inch,1,"₹1,04,890"
Lenovo,Core,,Intel,Corei3,10thGen,8GB,Windows 10 Operating System,256 GB SSD,14 inch,,"₹44,000"
Lenovo,Core,,Intel,Corei5,7thGen,4GB,Windows 10 Operating System,1 TB HDD,14 inch,,"₹82,999"
DELL,Inspiron,4.3,Intel,Corei5,11thGen,8GB,  Windows 10 Operating System,512 GB SSD,14.5 inch,,"₹1,05,123"
Lenovo,Yoga,4.2,Intel,Corei7,11thGen,16GB,  Windows 10 Operating System,1 TB SSD,14 inch,1,"₹1,15,462"
Avita,Liber,,Intel,Corei5,10thGen,8GB,  Windows 10 Operating System,512 GB SSD,14 inch,,"₹63,390"
HP,Pavilion,4.3,Intel,Corei5,11thGen,16GB,  Windows 10 Operating System,512 GB SSD,14 inch,1,"₹82,990"
DELL,Inspiron,4.1,Intel,Corei5,8thGen,8GB,  Windows 10 Operating System,1 TB HDD,15.6 inch,1,"₹58,000"
Lenovo,Celeron,,Intel,CeleronDual,,4GB,DOS Operating System,1 TB HDD,15.6 inch,,"₹38,250"
Lenovo,Core,,Intel,Corei3,11thGen,8GB,Windows 11 Operating System,512 GB SSD,15.6 inch,,"₹59,990"
ASUS,ROG,,AMD,Ryzen7,,8GB,  Windows 10 Operating System,1 TB SSD,14 inch,1,"₹1,16,990"
HP,OMEN,,Intel,Corei7,11thGen,16GB,  Windows 10 Operating System,1 TB SSD,16.1 inch,1,"₹1,97,862"
Lenovo,Core,,Intel,Corei3,10thGen,8GB,Windows 10 Operating System,256 GB SSD,15.6 inch,,"₹49,800"
DELL,Inspiron,4.1,Intel,Corei3,10thGen,8GB,  Windows 10 Operating System,1 TB HDD,15.6 inch,1,"₹48,900"
DELL,Inspiron,4,Intel,Corei7,11thGen,16GB,  Windows 10 Operating System,512 GB SSD,14 inch,1,"₹1,22,800"
DELL,Inspiron,4.1,Intel,Corei3,10thGen,8GB,  Windows 10 Operating System,1 TB HDD,15.6 inch,1,"₹46,629"
ASUS,ASUS,,Intel,Corei5,11thGen,16GB,  Windows 10 Operating System,512 GB SSD,15.6 inch,1,"₹1,29,990"
HP,15s,4.1,Intel,Corei3,11thGen,8GB,  Windows 10 Operating System,1 TB HDD,15.6 inch,1,"₹48,933"
HP,Pavilion,4.4,Intel,Corei5,11thGen,16GB,  Windows 10 Operating System,512 GB SSD,13.3 inch,1,"₹79,999"
ASUS,VivoBook,,Intel,Corei5,11thGen,16GB,  Windows 10 Operating System,512 GB SSD,14 inch,1,"₹76,990"
Lenovo,Core,3,Intel,Corei5,10thGen,8GB,Windows 10 Operating System,1 TB HDD|256 GB SSD,15.6 inch,,"₹94,999"
acer,Aspire,,Intel,Corei5,11thGen,4GB,  Windows 10 Operating System,512 GB SSD,15.6 inch,1,"₹69,000"
HP,15q,4.1,Intel,Corei5,7thGen,8GB,  Windows 10 Operating System,1 TB HDD,15.6 inch,1,"₹51,930"
DELL,Inspiron,4.3,Intel,Corei7,11thGen,16GB,  Windows 10 Operating System,512 GB SSD,14 Inch,1,"₹1,08,000"
HP,14q,4.1,Intel,Corei3,7thGen,4GB,DOS Operating System,1 TB HDD,14 inch,,"₹31,808"
DELL,Core,3.4,Intel,Corei3,10thGen,8GB,Windows 10 Operating System,1 TB HDD,15.6 inch,,"₹44,950"
ASUS,Core,,Intel,Corei7,11thGen,8GB,Windows 10 Operating System,1 TB HDD|256 GB SSD,15.6 inch,,"₹98,990"
ASUS,Vivobook,3.8,Intel,Corei3,11thGen,8GB,  Windows 10 Operating System,1 TB HDD,15.6 inch,1,"₹50,990"
Lenovo,Legion,4.7,AMD,Ryzen7,,16GB,  Windows 10 Operating System,1 TB SSD,16 inches,,"₹2,10,400"
HP,Probook,,Intel,Corei5,11thGen,8GB,Windows 10 Operating System,512 GB SSD,14 inch,3,"₹1,10,399"
DELL,DELL,,AMD,Ryzen3,,8GB,  Windows 10 Operating System,1 TB HDD,15.6 inch,1,"₹50,790"
ASUS,Vivobook,,Intel,Corei7,11thGen,8GB,  Windows 10 Operating System,1 TB HDD|256 GB SSD,15.6 inch,1,"₹98,990"
ASUS,VivoBook,,Intel,Corei3,11thGen,8GB,  Windows 10 Operating System,256 GB SSD,14 inch,,"₹64,990"
DELL,Inspiron,4.2,Intel,Corei5,11thGen,4GB,  Windows 10 Operating System,1 TB HDD|256 GB SSD,15.6 Inch,1,"₹60,078"
Lenovo,Yoga,4.6,AMD,Ryzen7,,8GB,  Windows 10 Operating System,512 GB SSD,14 inch,1,"₹1,06,290"
Lenovo,Thinpad,,Intel,Corei5,11thGen,16GB,  Windows 10 Operating System,512 GB SSD,14 inch,,"₹1,68,000"
HP,250-G6,4.2,Intel,Corei5,7thGen,4GB,DOS Operating System,1 TB HDD,15.6 inch,,"₹46,200"
DELL,Inspiron,4,Intel,Corei5,8thGen,8GB,  Windows 10 Operating System,2 TB HDD,15.6 inch,1,"₹62,317"
Lenovo,Yoga,4.6,Intel,Corei5,11thGen,16GB,  Windows 10 Operating System,512 GB SSD,14 Inches,1,"₹92,000"
HP,15s,4.3,Intel,Corei3,10thGen,8GB,  Windows 10 Operating System,1 TB HDD|256 GB SSD,15.6 inch,1,"₹49,000"
HP,Pavilion,4.4,Intel,Corei5,10thGen,8GB,  Windows 10 Operating System,512 GB SSD,14 inch,1,"₹82,990"
HP,15q,4.1,AMD,APUDual,,4GB,  Windows 10 Operating System,1 TB HDD,15.6 inch,1,"₹31,414"
HP,14q,4.1,Intel,Corei3,7thGen,4GB,  Windows 10 Operating System,256 GB SSD,14 inch,1,"₹37,990"
DELL,Inspiron,4,Intel,Corei5,11thGen,8GB,  Windows 10 Operating System,512 GB SSD,13.3 inch,1,"₹1,05,800"
ASUS,Core,3.9,Intel,Corei3,11thGen,8GB,Windows 10 Operating System,256 GB HDD|256 GB SSD,15.6 inch,,"₹50,990"
DELL,G3,4.3,Intel,Corei5,10thGen,8GB,  Windows 10 Operating System,1 TB HDD|256 GB SSD,15.6 inch,,"₹82,800"
Lenovo,Core,,Intel,Corei5,10thGen,8GB,Windows 10 Operating System,1 TB HDD,15.6 inch,,"₹78,999"
HP,Envy,4.4,Intel,Corei5,8thGen,8GB,  Windows 10 Operating System,256 GB SSD,13.3 inch,1,"₹80,000"
HP,DA,4.5,Intel,Corei3,7thGen,8GB,  Windows 10 Operating System,1 TB HDD,15.6 inch,,"₹49,279"
HP,Pavilion,4.3,Intel,Corei5,8thGen,8GB,  Windows 10 Operating System,1 TB HDD,15.6 inch,1,"₹68,270"
HP,Pavilion,4.2,Intel,Corei3,7thGen,8GB,  Windows 10 Operating System,1 TB HDD,15.6 inch,,"₹50,922"
HP,Core,4.1,Intel,Corei5,7thGen,4GB,  Windows 10 Operating System,1 TB HDD,15.6 inch,1,"₹44,599"
HP,15q,4.2,Intel,Corei3,7thGen,4GB,  DOS Operating System,1 TB HDD,15.6 inch,,"₹32,955"
HP,14S,4.3,Intel,Corei5,8thGen,8GB,  Windows 10 Operating System,1 TB HDD,14 inch,1,"₹61,373"
HP,14q,4.2,Intel,Corei5,8thGen,8GB,  Windows 10 Operating System,1 TB HDD,14 inch,1,"₹44,097"
HP,15q,4,AMD,Ryzen3,,4GB,  Windows 10 Operating System,1 TB HDD,15.6 inch,1,"₹32,917"
HP,Pavilion,4.3,Intel,Corei5,8thGen,8GB,  Windows 10 Operating System,128 GB SSD,13.3 inch,1,"₹76,012"
Lenovo,Ideapad,3.6,Intel,Corei5,10thGen,4GB,  Windows 10 Operating System,1 TB HDD,15.6 inch,1,"₹65,000"
HP,14q,3.9,Intel,Corei3,7thGen,4GB,  Windows 10 Operating System,1 TB HDD,14 inch,1,"₹35,585"
HP,14q,4.1,Intel,Corei3,7thGen,4GB,  Windows 10 Operating System,1 TB HDD,14 inch,1,"₹34,688"
ASUS,ROG,3.9,AMD,Ryzen9,,16GB,  Windows 10 Operating System,1 TB SSD,15.6 inches,,"₹1,89,990"
DELL,Vostro,4.1,Intel,Corei3,10thGen,4GB,  Windows 10 Operating System,1 TB HDD|256 GB SSD,14 inch,1,"₹44,595"
DELL,Vostro,3.7,Intel,Corei5,11thGen,8GB,  Windows 10 Operating System,1 TB HDD|256 GB SSD,14 inch,1,"₹80,284"
DELL,Inspiron,3.7,Intel,Corei3,10thGen,8GB,  Windows 10 Operating System,1 TB HDD,15.6 Inch,1,"₹55,534"
DELL,Vostro,3.9,Intel,Corei3,11thGen,4GB,  Windows 10 Operating System,1 TB HDD|256 GB SSD,14 inch,1,"₹45,810"
DELL,Inspiron,4,Intel,Corei3,10thGen,8GB,  Windows 10 Operating System,256 GB SSD,15.6 inch,1,"₹55,534"
HP,15s,3.8,Intel,Corei5,11thGen,8GB,  Windows 10 Operating System,1 TB HDD,15.6 inch,1,"₹64,300"
Nokia,PureBook,4.4,Intel,Corei5,11thGen,16GB,  Windows 11 Operating System,512 GB SSD,14 inch,,"₹82,990"
Lenovo,Thinkbook,,Intel,Corei5,11thGen,16GB,  Windows 10 Operating System,512 GB SSD,14 inch,3,"₹1,59,180"
ASUS,Core,3.5,Intel,Corei3,10thGen,4GB,  Windows 10 Operating System,1 TB HDD,14 inch,,"₹40,990"
Vaio,E,3.8,AMD,Ryzen7,,8GB,  Windows 10 Operating System,512 GB SSD,15.6 inch,2,"₹76,090"
ASUS,Ryzen,,AMD,Ryzen5,,8GB,Windows 10 Operating System,512 GB SSD,15.6 inch,1,"₹66,990"
Avita,Liber,3.4,Intel,Corei5,8thGen,8GB,  Windows 10 Operating System,512 GB SSD,14 inch,,"₹76,990"
Avita,Liber,,Intel,Corei7,8thGen,8GB,  Windows 10 Operating System,256 GB SSD,14 inch,,"₹79,990"
Lenovo,Core,4,Intel,Corei3,10thGen,4GB,  Windows 10 Operating System,1 TB HDD,15.6 inch,,"₹42,328"
DELL,Inspiron,3.7,Intel,Corei5,10thGen,8GB,  Windows 10 Operating System,512 GB SSD,14 inch,1,"₹1,07,786"
Avita,Liber,3.4,Intel,Corei5,8thGen,8GB,  Windows 10 Operating System,512 GB SSD,14 inch,,"₹76,990"
Avita,Liber,3.4,Intel,Corei5,8thGen,8GB,  Windows 10 Operating System,512 GB SSD,14 inch,,"₹76,990"
Avita,Liber,,Intel,Corei5,7thGen,8GB,  Windows 10 Operating System,512 GB SSD,13.3 inch,,"₹79,990"
Lenovo,IdeaPad,3.7,Intel,Corei7,11thGen,8GB,  Windows 10 Operating System,512 GB SSD,15.6 inch,,"₹1,18,890"
Avita,Liber,,Intel,Corei5,7thGen,8GB,  Windows 10 Operating System,512 GB SSD,13.3 inch,,"₹79,990"
Avita,Liber,,Intel,Corei7,8thGen,8GB,  Windows 10 Operating System,256 GB SSD,14 inch,,"₹79,990"
Avita,Liber,,Intel,Corei7,8thGen,8GB,  Windows 10 Operating System,256 GB SSD,14 inch,,"₹79,990"
Avita,Liber,,Intel,Corei7,8thGen,8GB,  Windows 10 Operating System,256 GB SSD,14 inch,,"₹79,990"
ASUS,Core,,Intel,Corei5,11thGen,8GB,  Windows 10 Operating System,512 GB SSD,15.6 inch,,"₹70,990"
ASUS,VivoBook,,Intel,CeleronDual,,4GB,  Windows 10 Operating System,256 GB SSD,15.6 inch,,"₹33,990"
DELL,Insprion,3.9,Intel,Corei3,11thGen,8GB,Windows 10 Operating System,1 TB HDD,15.6 inch,,"₹52,800"
Lenovo,ThinkBook,2.3,Intel,Corei5,11thGen,8GB,  Windows 10 Operating System,1 TB SSD,15 inch,1,"₹1,21,608"
ASUS,ROG,,AMD,Ryzen9,,32GB,  Windows 10 Operating System,1 TB SSD,13.4 inch,1,"₹2,01,990"
Lenovo,ThinkBook,,Intel,Corei5,11thGen,16GB,  Windows 10 Operating System,512 GB SSD,15 inch,1,"₹1,20,708"
DELL,Inspiron,,Intel,Corei3,10thGen,8GB,  Windows 10 Operating System,1 TB HDD,15.6 inch,1,"₹55,534"
DELL,Inspiron,,Intel,Corei3,10thGen,8GB,  Windows 10 Operating System,1 TB HDD,15.6 inch,1,"₹55,534"
acer,Swift,3.5,Intel,Corei5,8thGen,8GB,  Windows 10 Operating System,256 GB SSD,13.3 inch,1,"₹65,546"
Lenovo,Legion,,AMD,Ryzen7,,16GB,  Windows 11 Operating System,2 TB SSD,16 inches,,"₹1,81,890"
Lenovo,Yoga,,Intel,Corei7,11thGen,16GB,  Windows 10 Operating System,1 TB SSD,13.3 inch,1,"₹1,74,890"
acer,Predator,3.8,Intel,Corei7,10thGen,16GB,  Windows 10 Operating System,2 TB SSD,15.6 inch,1,"₹1,60,190"
Avita,Liber,,Intel,Corei7,8thGen,8GB,  Windows 10 Operating System,256 GB SSD,14 inch,,"₹79,990"
Smartron,t.book,3.5,Intel,Corem3,7thGen,4GB,  Windows 10 Operating System,128 GB SSD,12.2 inch,,"₹45,990"
Lenovo,Ideapad,3.4,Intel,Corei3,10thGen,4GB,  Windows 10 Operating System,1 TB HDD,15.6 inch,1,"₹45,000"
Smartron,t.book,3.5,Intel,Corei5,7thGen,4GB,  Windows 10 Operating System,128 GB SSD,12.2 inch,,"₹55,999"
Lenovo,Core,3.7,Intel,Corei3,10thGen,4GB,  DOS Operating System,1 TB HDD,15 inch,,"₹42,705"
HP,15,4.2,Intel,Corei5,8thGen,8GB,DOS Operating System,1 TB HDD,15.6 inch,,"₹55,729"
acer,Swift,4.2,Intel,Corei5,8thGen,8GB,  Windows 10 Operating System,1 TB HDD,15.6 inch,1,"₹73,199"
DELL,Inspiron,2.3,Intel,Corei5,8thGen,8GB,  Windows 10 Operating System,1 TB HDD|128 GB SSD,15.6 inch,1,"₹89,990"
ASUS,Core,,Intel,Corei3,11thGen,8GB,Windows 10 Operating System,1 TB HDD,15.6 inch,,"₹51,990"
DELL,Inspiron,4.1,Intel,Corei3,10thGen,4GB,  Windows 10 Operating System,512 GB SSD,14 inch,1,"₹49,999"
HP,Core,,Intel,Corei7,11thGen,16GB,  Windows 10 Operating System,1 TB SSD,13.3 inch,1,"₹99,999"
DELL,Inspiron,4.4,Intel,Corei5,11thGen,8GB,  Windows 10 Operating System,512 GB SSD,15.6 inch,1,"₹79,990"
Lenovo,Core,,Intel,Corei9,10thGen,16GB,Windows 10 Operating System,1 TB SSD,15.6 inch,,"₹3,49,890"
HP,14q,4.3,Intel,Corei3,7thGen,8GB,  Windows 10 Operating System,256 GB SSD,14 inch,1,"₹35,811"
Lenovo,E41,3.4,AMD,APUDual,,4GB,  DOS Operating System,1 TB HDD,14 Inch,,"₹28,000"
DELL,Core,2.9,Intel,Corei3,10thGen,8GB,  Windows 10 Operating System,1 TB HDD|256 GB SSD,15.6 Inch,,"₹59,101"
Lenovo,Ryzen,3.1,AMD,Ryzen3,,4GB,  Windows 10 Operating System,1 TB HDD,15.6 inch,,"₹36,923"
DELL,Core,3.2,Intel,Corei3,10thGen,8GB,  Windows 10 Operating System,1 TB HDD,15.6 Inch,,"₹54,992"
ASUS,Vivobook,3.3,Intel,Corei3,10thGen,4GB,  Windows 10 Operating System,1 TB HDD,14.1 inch,,"₹40,990"
acer,Travelmate,3.3,Intel,Corei5,11thGen,8GB,  Windows 10 Operating System,1 TB HDD|256 GB SSD,14 inches,,"₹60,000"
acer,Aspire,3.3,Intel,Corei5,10thGen,8GB,  Windows 10 Operating System,1 TB HDD,15.6 inch,1,"₹56,491"
ASUS,Zenbook,3.2,Intel,Corei5,11thGen,8GB,  Windows 10 Operating System,512 GB SSD,13.3 inch,1,"₹1,15,990"
ASUS,Vivobook,3.1,Intel,Corei3,10thGen,4GB,  Windows 10 Operating System,1 TB HDD,14 inch,1,"₹42,990"
Lenovo,IdeaPad,3.3,Intel,Corei3,11thGen,8GB,  DOS Operating System,256 GB SSD,15.6 inch,,"₹57,990"
ASUS,Vivobook,2,Intel,Corei3,11thGen,8GB,  Windows 10 Operating System,1 TB HDD,15.6 inch,1,"₹51,990"
HP,15s,4.2,Intel,Corei5,10thGen,8GB,  Windows 10 Operating System,1 TB HDD,15.6 inch,1,"₹64,990"
Lenovo,v15,3.1,Intel,Corei3,10thGen,4GB,  DOS Operating System,1 TB HDD,15.6 inch,,"₹43,999"
HP,Ryzen,,AMD,Ryzen3,,8GB,Windows 10 Operating System,512 GB SSD,15.6 inch,,"₹78,000"
